URL;Version;Location
https://github.com/ankidroid/Anki-Android/issues/6491;2.9;AnkiDroid/src/main/java/com/ichi2/libanki/importer/AnkiPackageImporter.java
https://github.com/ankidroid/Anki-Android/issues/6239;2.9;AnkiDroid/src/main/java/com/ichi2/anki/services/BootService.java
https://github.com/ankidroid/Anki-Android/issues/6214;2.9;AnkiDroid/src/main/java/com/ichi2/widget/AnkiDroidWidgetSmall.java
https://github.com/ankidroid/Anki-Android/issues/6142;2.9;AnkiDroid/src/main/java/com/ichi2/compat/customtabs/CustomTabActivityHelper.java,AnkiDroid/src/test/java/com/ichi2/anki/RobolectricTest.java
https://github.com/ankidroid/Anki-Android/issues/6089;2.9;AnkiDroid/src/main/java/com/ichi2/anki/DeckOptions.java,AnkiDroid/src/main/java/com/ichi2/libanki/Card.java
https://github.com/ankidroid/Anki-Android/issues/6054;2.9;AnkiDroid/src/main/res/xml/preferences_custom_buttons.xml
https://github.com/ankidroid/Anki-Android/issues/5930;2.9;AnkiDroid/src/main/java/com/ichi2/anki/CardBrowser.java
https://github.com/ankidroid/Anki-Android/issues/5864;2.9;AnkiDroid/src/main/java/com/ichi2/anki/Preferences.java,AnkiDroid/src/main/res/xml/preferences_advanced.xml
https://github.com/ankidroid/Anki-Android/issues/5794;2.9;AnkiDroid/src/main/java/com/ichi2/anki/AnkiDroidApp.java,AnkiDroid/src/main/java/com/ichi2/anki/DeckPicker.java
https://github.com/ankidroid/Anki-Android/issues/5644;2.9;AnkiDroid/src/main/java/com/ichi2/anki/CardTemplatePreviewer.java,AnkiDroid/src/main/java/com/ichi2/anki/FieldEditText.java,AnkiDroid/src/main/java/com/ichi2/anki/NoteEditor.java,AnkiDroid/src/main/java/com/ichi2/anki/NoteEditor.java,AnkiDroid/src/main/java/com/ichi2/libanki/Note.java,AnkiDroid/src/main/java/com/ichi2/libanki/Tags.java
https://github.com/ankidroid/Anki-Android/issues/5544;2.9;AnkiDroid/src/main/java/com/ichi2/anki/CardBrowser.java
https://github.com/ankidroid/Anki-Android/issues/5535;2.9;AnkiDroid/src/main/java/com/ichi2/anki/AnkiDroidApp.java,AnkiDroid/src/main/java/com/ichi2/anki/services/BootService.java,AnkiDroid/src/main/java/com/ichi2/anki/services/NotificationService.java,AnkiDroid/src/main/java/com/ichi2/widget/WidgetStatus.java
https://github.com/ankidroid/Anki-Android/issues/5530;2.9;AnkiDroid/src/main/java/com/ichi2/anki/AbstractFlashcardViewer.java
https://github.com/ankidroid/Anki-Android/issues/5523;2.9;AnkiDroid/src/main/java/com/ichi2/anki/CardBrowser.java,AnkiDroid/src/main/java/com/ichi2/libanki/Collection.java
https://github.com/ankidroid/Anki-Android/issues/5518;2.9;AnkiDroid/src/main/java/com/ichi2/anki/AbstractFlashcardViewer.java
https://github.com/ankidroid/Anki-Android/issues/5513;2.9;AnkiDroid/src/main/java/com/ichi2/anki/multimediacard/fields/BasicImageFieldController.java,AnkiDroid/src/main/java/com/ichi2/utils/BitmapUtil.java
https://github.com/ankidroid/Anki-Android/issues/5512;2.9;AnkiDroid/build.gradle,build.gradle
https://github.com/ankidroid/Anki-Android/issues/5510;2.9;AnkiDroid/src/main/java/com/ichi2/anki/CollectionHelper.java
https://github.com/ankidroid/Anki-Android/issues/5509;2.9;AnkiDroid/src/main/java/com/ichi2/anki/ModelFieldEditor.java,AnkiDroid/src/main/java/com/ichi2/anki/multimediacard/fields/BasicAudioClipFieldController.java
https://github.com/ankidroid/Anki-Android/issues/5507;2.9;AnkiDroid/build.gradle,build.gradle
https://github.com/ankidroid/Anki-Android/issues/5506;2.9;AnkiDroid/src/main/java/com/ichi2/anki/StudyOptionsActivity.java,AnkiDroid/src/main/java/com/ichi2/anki/StudyOptionsFragment.java
https://github.com/ankidroid/Anki-Android/issues/5503;2.9;AnkiDroid/src/main/java/com/ichi2/anki/services/BootService.java
https://github.com/ankidroid/Anki-Android/issues/5502;2.9;AnkiDroid/src/main/java/com/ichi2/anki/AnkiDroidApp.java,AnkiDroid/src/main/java/com/ichi2/anki/analytics/UsageAnalytics.java,AnkiDroid/src/main/java/com/ichi2/utils/WebViewDebugging.java
https://github.com/ankidroid/Anki-Android/issues/5501;2.9;AnkiDroid/src/main/res/values-hu/03-dialogs.xml
https://github.com/ankidroid/Anki-Android/issues/5415;2.9;AnkiDroid/src/main/java/com/ichi2/anki/Reviewer.java
https://github.com/ankidroid/Anki-Android/issues/5374;2.9;AnkiDroid/src/main/java/com/ichi2/anki/Reviewer.java
https://github.com/ankidroid/Anki-Android/issues/5352;2.9;AnkiDroid/src/main/java/com/ichi2/anki/ModelBrowser.java,AnkiDroid/src/main/java/com/ichi2/anki/ModelFieldEditor.java
https://github.com/ankidroid/Anki-Android/issues/5016;2.9;AnkiDroid/src/main/java/com/ichi2/anki/CardBrowser.java
https://github.com/ankidroid/Anki-Android/issues/5002;2.9;AnkiDroid/src/main/AndroidManifest.xml,AnkiDroid/src/main/java/com/ichi2/anki/multimediacard/activity/MultimediaEditFieldActivity.java
https://github.com/ankidroid/Anki-Android/issues/6236;2.8;AnkiDroid/src/main/java/com/ichi2/libanki/Decks.java
https://github.com/ankidroid/Anki-Android/issues/5414;2.8;AnkiDroid/src/main/java/com/ichi2/libanki/Sound.java
https://github.com/ankidroid/Anki-Android/issues/5262;2.8;AnkiDroid/src/main/java/com/ichi2/anki/CardTemplateEditor.java,AnkiDroid/src/main/java/com/ichi2/anki/Statistics.java,AnkiDroid/build.gradle
https://github.com/ankidroid/Anki-Android/issues/5143;2.8;AnkiDroid/src/main/java/com/ichi2/anki/IntentHandler.java
https://github.com/ankidroid/Anki-Android/issues/5097;2.8;AnkiDroid/src/main/java/com/ichi2/anki/CollectionHelper.java
https://github.com/ankidroid/Anki-Android/issues/5091;2.8;AnkiDroid/src/main/java/com/ichi2/anki/FilteredDeckOptions.java
https://github.com/ankidroid/Anki-Android/issues/5011;2.8;AnkiDroid/src/main/java/com/ichi2/anki/AbstractFlashcardViewer.java,AnkiDroid/src/main/java/com/ichi2/anki/CardTemplateEditor.java,AnkiDroid/src/main/java/com/ichi2/anki/NoteEditor.java,AnkiDroid/src/main/java/com/ichi2/anki/Previewer.java,AnkiDroid/src/main/java/com/ichi2/anki/TemporaryModel.java,AnkiDroid/src/main/java/com/ichi2/async/CollectionTask.java,AnkiDroid/src/main/java/com/ichi2/libanki/Card.java,AnkiDroid/src/main/java/com/ichi2/libanki/Collection.java,AnkiDroid/src/main/java/com/ichi2/libanki/Models.java,AnkiDroid/src/test/java/com/ichi2/anki/multimediacard/activity/MultimediaEditFieldActivityTestBase.java
https://github.com/ankidroid/Anki-Android/issues/4729;2.8;AnkiDroid/src/main/java/com/ichi2/anki/AnkiActivity.java,AnkiDroid/src/main/java/com/ichi2/anki/AnkiDroidApp.java,AnkiDroid/src/main/java/com/ichi2/anki/NavigationDrawerActivity.java,AnkiDroid/src/main/java/com/ichi2/anki/Preferences.java,AnkiDroid/src/main/java/com/ichi2/ui/AppCompatPreferenceActivity.java,AnkiDroid/src/main/java/com/ichi2/utils/LanguageUtil.java
https://github.com/ankidroid/Anki-Android/issues/4691;2.8;AnkiDroid/src/main/java/com/ichi2/libanki/Collection.java
https://github.com/ankidroid/Anki-Android/issues/4448;2.6;AnkiDroid/src/main/java/com/ichi2/anki/DeckOptions.java
https://github.com/ankidroid/Anki-Android/issues/4421;2.6;AnkiDroid/src/main/java/com/ichi2/anki/dialogs/CustomStudyDialog.java
https://github.com/ankidroid/Anki-Android/issues/3304;2.3;AnkiDroid/src/androidTest/java/com/ichi2/anki/FieldEditLineTest.java,AnkiDroid/src/main/java/com/ichi2/anki/FieldEditLine.java,AnkiDroid/src/main/java/com/ichi2/anki/FieldEditText.java,AnkiDroid/src/main/java/com/ichi2/anki/NoteEditor.java,AnkiDroid/src/main/java/com/ichi2/anki/noteeditor/FieldState.java
https://github.com/ankidroid/Anki-Android/issues/3215;2.3;AnkiDroid/src/main/java/com/ichi2/anki/AbstractFlashcardViewer.java
https://github.com/ankidroid/Anki-Android/issues/9005;2.15;AnkiDroid/src/main/java/com/ichi2/anki/CardTemplatePreviewer.java
https://github.com/ankidroid/Anki-Android/issues/8975;2.15;AnkiDroid/src/main/java/com/ichi2/anki/CardBrowser.java
https://github.com/ankidroid/Anki-Android/issues/8951;2.15;AnkiDroid/src/main/java/com/ichi2/libanki/Collection.java
https://github.com/ankidroid/Anki-Android/issues/8945;2.15;AnkiDroid/src/main/java/com/ichi2/libanki/Models.java
https://github.com/ankidroid/Anki-Android/issues/8931;2.15;AnkiDroid/build.gradle
https://github.com/ankidroid/Anki-Android/issues/8927;2.15;AnkiDroid/src/main/assets/card_template.html,AnkiDroid/src/main/java/com/ichi2/anki/AbstractFlashcardViewer.java,AnkiDroid/src/main/java/com/ichi2/anki/cardviewer/CardTemplate.java
https://github.com/ankidroid/Anki-Android/issues/8822;2.15;AnkiDroid/src/main/java/com/ichi2/anki/CardTemplateEditor.java
https://github.com/ankidroid/Anki-Android/issues/8807;2.15;AnkiDroid/src/main/java/com/ichi2/anki/dialogs/tags/TagsList.java,AnkiDroid/src/main/java/com/ichi2/utils/UniqueArrayList.java
https://github.com/ankidroid/Anki-Android/issues/8641;2.15;AnkiDroid/src/main/java/com/ichi2/anki/FilteredDeckOptions.java,AnkiDroid/src/main/res/xml/cram_deck_options.xml
https://github.com/ankidroid/Anki-Android/issues/8610;2.15;AnkiDroid/src/main/java/com/ichi2/anki/DeckPicker.java
https://github.com/ankidroid/Anki-Android/issues/8558;2.15;AnkiDroid/src/main/java/com/ichi2/anki/DeckPicker.java
https://github.com/ankidroid/Anki-Android/issues/8547;2.15;AnkiDroid/src/main/java/com/ichi2/async/CollectionTask.java
https://github.com/ankidroid/Anki-Android/issues/8527;2.15;AnkiDroid/src/main/java/com/ichi2/anki/AbstractFlashcardViewer.java
https://github.com/ankidroid/Anki-Android/issues/8487;2.15;AnkiDroid/src/main/java/com/ichi2/anki/dialogs/customstudy/CustomStudyDialog.java,AnkiDroid/src/test/java/com/ichi2/anki/dialogs/CustomStudyDialogTest.java
https://github.com/ankidroid/Anki-Android/issues/8481;2.15;AnkiDroid/src/main/java/com/ichi2/libanki/sched/Sched.java
https://github.com/ankidroid/Anki-Android/issues/8422;2.15;AnkiDroid/src/main/java/com/ichi2/anki/NavigationDrawerActivity.java
https://github.com/ankidroid/Anki-Android/issues/8417;2.15;AnkiDroid/src/main/java/com/ichi2/ui/SeekBarPreference.java
https://github.com/ankidroid/Anki-Android/issues/8380;2.15;AnkiDroid/src/main/res/layout/feedback.xml
https://github.com/ankidroid/Anki-Android/issues/8379;2.15;AnkiDroid/src/main/java/com/ichi2/anki/dialogs/HelpDialog.java,AnkiDroid/src/main/java/com/ichi2/anki/analytics/AnkiDroidCrashReportDialog.java
https://github.com/ankidroid/Anki-Android/issues/8354;2.15;AnkiDroid/src/main/java/com/ichi2/anki/MyAccount.java
https://github.com/ankidroid/Anki-Android/issues/8264;2.15;AnkiDroid/src/main/java/com/ichi2/anki/services/ReminderService.java,AnkiDroid/src/main/java/com/ichi2/anki/CollectionHelper.java
https://github.com/ankidroid/Anki-Android/issues/8235;2.15;AnkiDroid/src/main/java/com/ichi2/anki/AbstractFlashcardViewer.java
https://github.com/ankidroid/Anki-Android/issues/8178;2.15;rsdroid/src/main/java/net/ankiweb/rsdroid/BackendMutex.java,rsdroid/src/main/java/net/ankiweb/rsdroid/BackendV1Impl.java,rsdroid/src/main/java/net/ankiweb/rsdroid/NativeMethods.java,rsdroid/src/main/java/net/ankiweb/rsdroid/database/SQLHandler.java,rsdroid/src/main/java/net/ankiweb/rsdroid/database/Session.java,rsdroid/src/main/java/net/ankiweb/rsdroid/database/StreamingProtobufSQLiteCursor.java
https://github.com/ankidroid/Anki-Android/issues/8075;2.15;AnkiDroid/src/main/java/com/ichi2/anki/CollectionHelper.java,AnkiDroid/src/main/java/com/ichi2/anki/DeckPicker.java,AnkiDroid/src/main/java/com/ichi2/libanki/backend/DroidBackendFactory.java
https://github.com/ankidroid/Anki-Android/issues/8055;2.15;AnkiDroid/src/main/java/com/ichi2/libanki/Collection.java,AnkiDroid/src/main/java/com/ichi2/libanki/backend/DroidBackend.java,AnkiDroid/src/main/java/com/ichi2/libanki/backend/JavaDroidBackend.java,AnkiDroid/src/main/java/com/ichi2/libanki/backend/RustDroidBackend.java,AnkiDroid/src/test/java/com/ichi2/anki/RobolectricTest.java
https://github.com/ankidroid/Anki-Android/issues/8031;2.15;AnkiDroid/src/main/java/com/ichi2/anki/dialogs/MediaCheckDialog.java
https://github.com/ankidroid/Anki-Android/issues/7992;2.15;AnkiDroid/src/main/java/com/ichi2/anki/CardBrowser.java
https://github.com/ankidroid/Anki-Android/issues/7984;2.15;AnkiDroid/src/main/java/com/ichi2/libanki/sched/LrnCardQueue.java,AnkiDroid/src/main/java/com/ichi2/libanki/sched/SchedV2.java,AnkiDroid/src/main/java/com/ichi2/libanki/sched/Sched.java
https://github.com/ankidroid/Anki-Android/issues/7918;2.15;AnkiDroid/src/main/java/com/ichi2/anki/ModelBrowser.java,AnkiDroid/src/main/java/com/ichi2/async/CollectionTask.java
https://github.com/ankidroid/Anki-Android/issues/7898;2.15;AnkiDroid/src/main/java/com/ichi2/anki/DeckPicker.java,AnkiDroid/src/main/java/com/ichi2/anki/dialogs/DialogHandler.java,AnkiDroid/src/main/java/com/ichi2/anki/dialogs/ImportDialog.java
https://github.com/ankidroid/Anki-Android/issues/7863;2.15;AnkiDroid/src/main/java/com/ichi2/anki/DeckPicker.java,AnkiDroid/src/main/java/com/ichi2/anki/MyAccount.java,AnkiDroid/src/main/java/com/ichi2/async/Connection.java
https://github.com/ankidroid/Anki-Android/issues/7770;2.15;AnkiDroid/src/main/java/com/ichi2/anki/NoteEditor.java
https://github.com/ankidroid/Anki-Android/issues/7758;2.15;AnkiDroid/src/main/res/menu/card_browser_multiselect.xml
https://github.com/ankidroid/Anki-Android/issues/7748;2.15;AnkiDroid/src/main/java/com/ichi2/anki/NoteEditor.java,AnkiDroid/src/main/java/com/ichi2/utils/ContentResolverUtil.java
https://github.com/ankidroid/Anki-Android/issues/8466;2.14;AnkiDroid/src/main/java/com/ichi2/anki/CardBrowser.java
https://github.com/ankidroid/Anki-Android/issues/8319;2.14;AnkiDroid/src/main/java/com/ichi2/anki/analytics/UsageAnalytics.java
https://github.com/ankidroid/Anki-Android/issues/8234;2.14;AnkiDroid/src/main/java/com/ichi2/anki/Info.java
https://github.com/ankidroid/Anki-Android/issues/8229;2.14;AnkiDroid/src/main/java/com/ichi2/anki/AbstractFlashcardViewer.java
https://github.com/ankidroid/Anki-Android/issues/8160;2.14;AnkiDroid/src/main/java/com/ichi2/anki/DeckPicker.java
https://github.com/ankidroid/Anki-Android/issues/8008;2.14;AnkiDroid/src/main/java/com/ichi2/libanki/stats/Stats.java,AnkiDroid/src/main/java/com/ichi2/libanki/Consts.java
https://github.com/ankidroid/Anki-Android/issues/7934;2.14;AnkiDroid/src/main/java/com/ichi2/libanki/sched/SchedV2.java
https://github.com/ankidroid/Anki-Android/issues/7896;2.14;AnkiDroid/src/main/java/com/ichi2/utils/DiffEngine.java,AnkiDroid/src/main/java/com/ichi2/anki/AbstractFlashcardViewer.java,AnkiDroid/src/test/java/com/ichi2/utils/DiffEngineTest.java
https://github.com/ankidroid/Anki-Android/issues/7822;2.14;AnkiDroid/src/main/java/com/ichi2/anki/dialogs/HelpDialog.java
https://github.com/ankidroid/Anki-Android/issues/7781;2.14;AnkiDroid/src/main/java/com/ichi2/libanki/Collection.java
https://github.com/ankidroid/Anki-Android/issues/7768;2.14;AnkiDroid/src/main/java/com/ichi2/anki/multimediacard/fields/BasicImageFieldController.java
https://github.com/ankidroid/Anki-Android/issues/7758;2.14;AnkiDroid/src/main/res/menu/card_browser_multiselect.xml
https://github.com/ankidroid/Anki-Android/issues/7755;2.14;AnkiDroid/src/main/java/com/ichi2/anki/DeckPicker.java
https://github.com/ankidroid/Anki-Android/issues/7749;2.14;AnkiDroid/src/main/java/com/ichi2/anki/CardBrowser.java
https://github.com/ankidroid/Anki-Android/issues/7748;2.14;AnkiDroid/src/main/java/com/ichi2/anki/NoteEditor.java,AnkiDroid/src/main/java/com/ichi2/utils/ContentResolverUtil.java
https://github.com/ankidroid/Anki-Android/issues/7746;2.14;AnkiDroid/src/main/java/com/ichi2/libanki/Note.java
https://github.com/ankidroid/Anki-Android/issues/7743;2.14;AnkiDroid/src/main/java/com/ichi2/anki/DeckPicker.java,AnkiDroid/src/main/java/com/ichi2/utils/AdaptionUtil.java
https://github.com/ankidroid/Anki-Android/issues/7739;2.14;AnkiDroid/src/main/java/com/ichi2/anki/AnkiDroidApp.java,AnkiDroid/src/main/java/com/ichi2/utils/ExceptionUtil.java
https://github.com/ankidroid/Anki-Android/issues/7736;2.14;AnkiDroid/src/main/java/com/ichi2/anki/reviewer/PeripheralKeymap.java
https://github.com/ankidroid/Anki-Android/issues/7730;2.14;AnkiDroid/src/main/java/com/ichi2/anki/DeckPicker.java,AnkiDroid/src/main/java/com/ichi2/libanki/Collection.java,AnkiDroid/src/main/java/com/ichi2/libanki/sched/SchedV2.java
https://github.com/ankidroid/Anki-Android/issues/7723;2.14;AnkiDroid/src/main/java/com/ichi2/libanki/Collection.java
https://github.com/ankidroid/Anki-Android/issues/7721;2.14;AnkiDroid/src/main/java/com/ichi2/anki/MyAccount.java,AnkiDroid/src/main/java/com/ichi2/compat/customtabs/CustomTabsFallback.java,AnkiDroid/src/main/java/com/ichi2/utils/AdaptionUtil.java
https://github.com/ankidroid/Anki-Android/issues/7713;2.14;AnkiDroid/src/main/res/xml/deck_options.xml
https://github.com/ankidroid/Anki-Android/issues/7676;2.14;AnkiDroid/src/main/java/com/ichi2/anki/CardBrowser.java
https://github.com/ankidroid/Anki-Android/issues/7674;2.14;AnkiDroid/src/main/java/com/ichi2/anki/CardBrowser.java
https://github.com/ankidroid/Anki-Android/issues/7658;2.14;AnkiDroid/src/main/java/com/ichi2/anki/FieldEditText.java
https://github.com/ankidroid/Anki-Android/issues/7649;2.14;AnkiDroid/src/main/java/com/ichi2/anki/DeckPicker.java
https://github.com/ankidroid/Anki-Android/issues/7617;2.14;AnkiDroid/src/main/java/com/ichi2/anki/MyAccount.java
https://github.com/ankidroid/Anki-Android/issues/7539;2.14;AnkiDroid/src/main/java/com/ichi2/anki/FieldEditLine.java,AnkiDroid/src/main/java/com/ichi2/anki/NoteEditor.java
https://github.com/ankidroid/Anki-Android/issues/7467;2.14;AnkiDroid/src/androidTest/java/com/ichi2/anki/NoteEditorTabOrderTest.java,AnkiDroid/src/main/java/com/ichi2/libanki/Utils.java,AnkiDroid/src/main/java/com/ichi2/libanki/importer/Anki2Importer.java
https://github.com/ankidroid/Anki-Android/issues/7433;2.14;AnkiDroid/src/main/java/com/ichi2/anki/FieldEditLine.java,AnkiDroid/src/main/java/com/ichi2/anki/NoteEditor.java
https://github.com/ankidroid/Anki-Android/issues/7366;2.14;AnkiDroid/src/main/res/layout/widget_small.xml
https://github.com/ankidroid/Anki-Android/issues/7263;2.14;AnkiDroid/src/main/java/com/ichi2/anki/NoteEditor.java
https://github.com/ankidroid/Anki-Android/issues/7232;2.14;AnkiDroid/build.gradle,AnkiDroid/src/main/java/com/ichi2/anki/multimediacard/fields/BasicImageFieldController.java,AnkiDroid/src/main/AndroidManifest.xml
https://github.com/ankidroid/Anki-Android/issues/7076;2.14;AnkiDroid/src/main/java/com/ichi2/anki/AbstractFlashcardViewer.java,AnkiDroid/src/main/java/com/ichi2/anki/Previewer.java
https://github.com/ankidroid/Anki-Android/issues/7801;2.13;AnkiDroid/src/main/java/com/ichi2/anki/AbstractFlashcardViewer.java,AnkiDroid/src/main/java/com/ichi2/anki/CardBrowser.java,AnkiDroid/src/main/java/com/ichi2/anki/NavigationDrawerActivity.java,AnkiDroid/src/main/java/com/ichi2/anki/Previewer.java,AnkiDroid/src/main/java/com/ichi2/anki/Reviewer.java,AnkiDroid/src/main/java/com/ichi2/async/CollectionTask.java
https://github.com/ankidroid/Anki-Android/issues/7771;2.13;AnkiDroid/src/main/java/com/ichi2/anki/NoteEditor.java
https://github.com/ankidroid/Anki-Android/issues/7768;2.13;AnkiDroid/src/main/java/com/ichi2/anki/multimediacard/fields/BasicImageFieldController.java
https://github.com/ankidroid/Anki-Android/issues/7695;2.13;AnkiDroid/src/main/java/com/ichi2/anki/ModelFieldEditor.java
https://github.com/ankidroid/Anki-Android/issues/7662;2.13;AnkiDroid/src/main/java/com/ichi2/anki/provider/CardContentProvider.java,AnkiDroid/src/main/java/com/ichi2/anki/servicelayer/NoteService.java,AnkiDroid/src/main/java/com/ichi2/libanki/Media.java
https://github.com/ankidroid/Anki-Android/issues/7512;2.13;AnkiDroid/src/main/java/com/ichi2/anki/CardTemplateEditor.java
https://github.com/ankidroid/Anki-Android/issues/7465;2.13;AnkiDroid/src/main/java/com/ichi2/anki/web/HttpFetcher.java,AnkiDroid/src/main/java/com/ichi2/libanki/sync/CountingFileRequestBody.java,AnkiDroid/src/main/java/com/ichi2/libanki/sync/HttpSyncer.java,AnkiDroid/src/main/java/com/ichi2/libanki/sync/Tls12SocketFactory.java
https://github.com/ankidroid/Anki-Android/issues/7438;2.13;AnkiDroid/src/main/java/com/ichi2/anki/DeckPicker.java
https://github.com/ankidroid/Anki-Android/issues/7369;2.13;AnkiDroid/src/main/res/layout/reviewer.xml
https://github.com/ankidroid/Anki-Android/issues/7345;2.13;AnkiDroid/src/main/java/com/ichi2/anki/DeckPicker.java,AnkiDroid/src/main/java/com/ichi2/anki/FieldEditText.java,AnkiDroid/src/main/java/com/ichi2/anki/FieldEditText.java,AnkiDroid/src/main/java/com/ichi2/anki/ModelBrowser.java,AnkiDroid/src/main/java/com/ichi2/anki/ModelFieldEditor.java,AnkiDroid/src/main/java/com/ichi2/anki/Statistics.java,AnkiDroid/src/main/java/com/ichi2/anki/multimediacard/activity/TranslationActivity.java,AnkiDroid/src/main/java/com/ichi2/anki/multimediacard/fields/BasicAudioClipFieldController.java,AnkiDroid/src/main/java/com/ichi2/anki/multimediacard/fields/BasicImageFieldController.java,AnkiDroid/src/main/java/com/ichi2/anki/multimediacard/fields/BasicTextFieldController.java
https://github.com/ankidroid/Anki-Android/issues/7344;2.13;AnkiDroid/src/main/java/androidx/drawerlayout/widget/ClosableDrawerLayout.java
https://github.com/ankidroid/Anki-Android/issues/7305;2.13;AnkiDroid/src/main/java/com/ichi2/libanki/sched/SchedV2.java,AnkiDroid/src/test/java/com/ichi2/testutils/MockTime.java
https://github.com/ankidroid/Anki-Android/issues/7286;2.13;AnkiDroid/src/main/java/com/ichi2/anki/CardBrowser.java,AnkiDroid/src/main/java/com/ichi2/async/CollectionTask.java
https://github.com/ankidroid/Anki-Android/issues/7145;2.13;AnkiDroid/src/main/java/com/ichi2/anki/CardBrowser.java
https://github.com/ankidroid/Anki-Android/issues/7138;2.13;AnkiDroid/src/main/java/com/ichi2/anki/AbstractFlashcardViewer.java,AnkiDroid/src/main/res/layout/reviewer_answer_buttons.xml
https://github.com/ankidroid/Anki-Android/issues/7135;2.13;AnkiDroid/src/main/java/com/ichi2/anki/Info.java,AnkiDroid/src/androidTest/java/com/ichi2/anki/tests/ACRATest.java,AnkiDroid/src/main/java/com/ichi2/anki/AnkiDroidApp.java
https://github.com/ankidroid/Anki-Android/issues/7114;2.13;AnkiDroid/src/main/java/com/ichi2/anki/AbstractFlashcardViewer.java,AnkiDroid/src/main/java/com/ichi2/anki/CardTemplatePreviewer.java,AnkiDroid/src/main/java/com/ichi2/anki/Previewer.java,AnkiDroid/src/main/java/com/ichi2/anki/Reviewer.java
https://github.com/ankidroid/Anki-Android/issues/7091;2.13;AnkiDroid/src/main/java/com/ichi2/utils/DiffEngine.java
https://github.com/ankidroid/Anki-Android/issues/7066;2.13;AnkiDroid/src/main/java/com/ichi2/libanki/sched/Sched.java,AnkiDroid/src/main/java/com/ichi2/libanki/sched/SchedV2.java
https://github.com/ankidroid/Anki-Android/issues/7039;2.13;AnkiDroid/src/main/java/com/ichi2/anki/AbstractFlashcardViewer.java,AnkiDroid/src/main/java/com/ichi2/anki/Reviewer.java
https://github.com/ankidroid/Anki-Android/issues/7027;2.13;AnkiDroid/src/main/java/com/ichi2/anki/AbstractFlashcardViewer.java,AnkiDroid/src/main/java/com/ichi2/anki/Reviewer.java
https://github.com/ankidroid/Anki-Android/issues/7017;2.13;AnkiDroid/src/main/java/com/ichi2/libanki/AnkiPackageExporter.java,AnkiDroid/src/main/java/com/ichi2/libanki/Utils.java
https://github.com/ankidroid/Anki-Android/issues/6984;2.13;AnkiDroid/src/main/java/com/ichi2/compat/CompatV16.java
https://github.com/ankidroid/Anki-Android/issues/6977;2.13;AnkiDroid/src/main/java/com/ichi2/compat/CompatV19.java
https://github.com/ankidroid/Anki-Android/issues/6770;2.13;AnkiDroid/src/main/java/com/ichi2/libanki/sched/AbstractSched.java,AnkiDroid/src/main/java/com/ichi2/libanki/sched/Sched.java,AnkiDroid/src/main/java/com/ichi2/libanki/sched/SchedV2.java,AnkiDroid/src/test/java/com/ichi2/libanki/sched/AbstractSchedTest.java
https://github.com/ankidroid/Anki-Android/issues/6719;2.13;AnkiDroid/src/main/java/com/ichi2/anki/NoteEditor.java
https://github.com/ankidroid/Anki-Android/issues/6658;2.13;AnkiDroid/src/main/java/com/ichi2/libanki/sched/SchedV2.java
https://github.com/ankidroid/Anki-Android/issues/6653;2.13;AnkiDroid/src/main/java/com/ichi2/async/CollectionTask.java
https://github.com/ankidroid/Anki-Android/issues/6645;2.13;AnkiDroid/src/main/java/com/ichi2/libanki/sched/Sched.java,AnkiDroid/src/main/java/com/ichi2/libanki/sched/SchedV2.java
https://github.com/ankidroid/Anki-Android/issues/5502;2.13;AnkiDroid/src/main/java/com/ichi2/anki/AnkiDroidApp.java,AnkiDroid/src/main/java/com/ichi2/anki/analytics/UsageAnalytics.java,AnkiDroid/src/main/java/com/ichi2/utils/WebViewDebugging.java
https://github.com/ankidroid/Anki-Android/issues/7377;2.12;AnkiDroid/src/main/java/com/ichi2/anki/multimediacard/fields/BasicImageFieldController.java
https://github.com/ankidroid/Anki-Android/issues/7345;2.12;AnkiDroid/src/main/java/com/ichi2/anki/DeckPicker.java,AnkiDroid/src/main/java/com/ichi2/anki/FieldEditText.java,AnkiDroid/src/main/java/com/ichi2/anki/FieldEditText.java,AnkiDroid/src/main/java/com/ichi2/anki/ModelBrowser.java,AnkiDroid/src/main/java/com/ichi2/anki/ModelFieldEditor.java,AnkiDroid/src/main/java/com/ichi2/anki/Statistics.java,AnkiDroid/src/main/java/com/ichi2/anki/multimediacard/activity/TranslationActivity.java,AnkiDroid/src/main/java/com/ichi2/anki/multimediacard/fields/BasicAudioClipFieldController.java,AnkiDroid/src/main/java/com/ichi2/anki/multimediacard/fields/BasicImageFieldController.java,AnkiDroid/src/main/java/com/ichi2/anki/multimediacard/fields/BasicTextFieldController.java
https://github.com/ankidroid/Anki-Android/issues/7070;2.12;AnkiDroid/src/main/java/com/ichi2/anki/CardBrowser.java
https://github.com/ankidroid/Anki-Android/issues/7023;2.12;AnkiDroid/src/main/java/com/ichi2/libanki/AnkiPackageExporter.java,AnkiDroid/src/main/java/com/ichi2/libanki/Utils.java
https://github.com/ankidroid/Anki-Android/issues/6923;2.12;AnkiDroid/src/main/java/com/ichi2/anki/NoteEditor.java
https://github.com/ankidroid/Anki-Android/issues/6894;2.12;AnkiDroid/src/main/java/com/ichi2/libanki/Utils.java
https://github.com/ankidroid/Anki-Android/issues/6887;2.12;AnkiDroid/src/main/java/com/ichi2/anki/NoteEditor.java
https://github.com/ankidroid/Anki-Android/issues/6857;2.12;AnkiDroid/src/main/java/com/ichi2/anki/CardBrowser.java
https://github.com/ankidroid/Anki-Android/issues/6834;2.12;AnkiDroid/src/main/java/com/ichi2/anki/NoteEditor.java
https://github.com/ankidroid/Anki-Android/issues/6762;2.12;AnkiDroid/src/main/java/com/ichi2/anki/NoteEditor.java,AnkiDroid/src/main/res/values/02-strings.xml
https://github.com/ankidroid/Anki-Android/issues/6685;2.12;AnkiDroid/src/main/java/com/ichi2/anki/CardTemplatePreviewer.java
https://github.com/ankidroid/Anki-Android/issues/6684;2.12;AnkiDroid/src/main/java/com/ichi2/anki/CardTemplatePreviewer.java
https://github.com/ankidroid/Anki-Android/issues/6666;2.12;AnkiDroid/src/main/java/com/ichi2/anki/CollectionHelper.java,AnkiDroid/src/main/java/com/ichi2/anki/services/ReminderService.java,AnkiDroid/src/test/java/com/ichi2/anki/NullCollectionNoteEditor.java,AnkiDroid/src/test/java/com/ichi2/anki/NullCollectionReviewer.java
https://github.com/ankidroid/Anki-Android/issues/6665;2.12;AnkiDroid/src/main/java/com/ichi2/anki/Reviewer.java
https://github.com/ankidroid/Anki-Android/issues/6651;2.12;AnkiDroid/src/main/java/com/ichi2/libanki/Decks.java
https://github.com/ankidroid/Anki-Android/issues/6644;2.12;AnkiDroid/src/main/java/com/ichi2/anki/CardTemplatePreviewer.java,AnkiDroid/src/main/java/com/ichi2/anki/NoteEditor.java
https://github.com/ankidroid/Anki-Android/issues/6636;2.12;AnkiDroid/src/main/java/com/ichi2/libanki/Decks.java
https://github.com/ankidroid/Anki-Android/issues/6628;2.12;AnkiDroid/src/main/java/com/ichi2/anki/AnkiDroidApp.java,AnkiDroid/src/main/java/com/ichi2/anki/multimediacard/fields/BasicImageFieldController.java
https://github.com/ankidroid/Anki-Android/issues/6623;2.12;AnkiDroid/src/main/java/com/ichi2/anki/AbstractFlashcardViewer.java
https://github.com/ankidroid/Anki-Android/issues/6613;2.12;AnkiDroid/src/main/java/com/ichi2/libanki/Decks.java
https://github.com/ankidroid/Anki-Android/issues/6612;2.12;AnkiDroid/src/main/java/com/ichi2/libanki/Decks.java
https://github.com/ankidroid/Anki-Android/issues/6608;2.12;AnkiDroid/src/main/java/com/ichi2/anki/DeckPicker.java
https://github.com/ankidroid/Anki-Android/issues/6591;2.12;AnkiDroid/src/main/res/drawable/ic_flag_blue.xml
https://github.com/ankidroid/Anki-Android/issues/6590;2.12;AnkiDroid/src/main/java/com/ichi2/anki/DeckPicker.java,AnkiDroid/src/main/java/com/ichi2/anki/provider/CardContentProvider.java,AnkiDroid/src/main/java/com/ichi2/libanki/Decks.java
https://github.com/ankidroid/Anki-Android/issues/6587;2.12;AnkiDroid/src/main/java/com/ichi2/async/CollectionTask.java,AnkiDroid/src/main/java/com/ichi2/libanki/sched/AbstractSched.java,AnkiDroid/src/main/java/com/ichi2/libanki/sched/SchedV2.java
https://github.com/ankidroid/Anki-Android/issues/6568;2.12;AnkiDroid/src/main/java/com/ichi2/libanki/sched/SchedV2.java
https://github.com/ankidroid/Anki-Android/issues/6504;2.12;AnkiDroid/src/main/res/layout/reviewer_fullscreen.xml,AnkiDroid/src/main/res/layout/reviewer_fullscreen_noanswers.xml
https://github.com/ankidroid/Anki-Android/issues/6500;2.12;AnkiDroid/src/main/java/com/ichi2/anki/CardBrowser.java
https://github.com/ankidroid/Anki-Android/issues/6483;2.12;tools/release.sh
https://github.com/ankidroid/Anki-Android/issues/6383;2.12;AnkiDroid/src/main/java/com/ichi2/libanki/Decks.java,AnkiDroid/src/main/java/com/ichi2/libanki/sched/Sched.java,AnkiDroid/src/main/java/com/ichi2/libanki/sched/SchedV2.java
https://github.com/ankidroid/Anki-Android/issues/6853;2.11;AnkiDroid/src/main/java/com/ichi2/anki/AbstractFlashcardViewer.java,AnkiDroid/src/main/java/com/ichi2/anki/DeckPicker.java,AnkiDroid/src/main/java/com/ichi2/anki/Reviewer.java,AnkiDroid/src/main/java/com/ichi2/anki/StudyOptionsFragment.java,AnkiDroid/src/main/java/com/ichi2/anki/dialogs/CustomStudyDialog.java,AnkiDroid/src/main/java/com/ichi2/libanki/Collection.java,AnkiDroid/src/main/java/com/ichi2/libanki/sched/AbstractSched.java,AnkiDroid/src/main/java/com/ichi2/libanki/sched/SchedV2.java
https://github.com/ankidroid/Anki-Android/issues/6432;2.11;AnkiDroid/src/main/java/com/ichi2/anki/CardBrowser.java
https://github.com/ankidroid/Anki-Android/issues/6419;2.11;AnkiDroid/src/main/java/com/ichi2/async/CollectionTask.java,AnkiDroid/src/main/java/com/ichi2/libanki/AnkiPackageExporter.java,AnkiDroid/src/main/java/com/ichi2/libanki/Utils.java,AnkiDroid/src/main/java/com/ichi2/libanki/importer/AnkiPackageImporter.java,AnkiDroid/src/main/java/com/ichi2/libanki/Utils.java,AnkiDroid/src/main/java/com/ichi2/libanki/importer/Anki2Importer.java
https://github.com/ankidroid/Anki-Android/issues/6384;2.11;AnkiDroid/src/main/java/com/ichi2/anki/CardBrowser.java
https://github.com/ankidroid/Anki-Android/issues/6236;2.11;AnkiDroid/src/main/java/com/ichi2/libanki/Decks.java
https://github.com/ankidroid/Anki-Android/issues/6228;2.10;AnkiDroid/src/main/java/com/ichi2/libanki/sched/Sched.java
https://github.com/ankidroid/Anki-Android/issues/6200;2.10;AnkiDroid/src/main/java/com/ichi2/libanki/sched/Sched.java
https://github.com/ankidroid/Anki-Android/issues/6184;2.10;AnkiDroid/src/main/java/com/ichi2/anki/Preferences.java
https://github.com/ankidroid/Anki-Android/issues/6177;2.10;AnkiDroid/src/main/java/com/ichi2/anki/AbstractFlashcardViewer.java,AnkiDroid/src/main/java/com/ichi2/anki/AnkiActivity.java,AnkiDroid/src/main/java/com/ichi2/anki/Reviewer.java,AnkiDroid/src/main/java/com/ichi2/anki/cardviewer/ViewerCommand.java
https://github.com/ankidroid/Anki-Android/issues/6174;2.10;AnkiDroid/src/main/java/com/ichi2/anki/CardBrowser.java,AnkiDroid/src/main/java/com/ichi2/anki/NoteEditor.java,AnkiDroid/src/main/java/com/ichi2/anki/dialogs/CustomStudyDialog.java,AnkiDroid/src/main/java/com/ichi2/anki/dialogs/TagsDialog.java
https://github.com/ankidroid/Anki-Android/issues/6158;2.10;AnkiDroid/src/main/java/com/ichi2/anki/NoteEditor.java,AnkiDroid/src/test/java/com/ichi2/anki/NoteEditorTest.java
https://github.com/ankidroid/Anki-Android/issues/6157;2.10;AnkiDroid/src/main/java/com/ichi2/anki/IntentHandler.java
https://github.com/ankidroid/Anki-Android/issues/6149;2.10;AnkiDroid/src/main/java/com/ichi2/libanki/Utils.java,AnkiDroid/src/main/java/com/ichi2/libanki/template/Template.java
https://github.com/ankidroid/Anki-Android/issues/6145;2.10;AnkiDroid/src/main/java/com/ichi2/libanki/AnkiPackageExporter.java
https://github.com/ankidroid/Anki-Android/issues/6119;2.10;AnkiDroid/src/main/java/com/ichi2/anki/Reviewer.java
https://github.com/ankidroid/Anki-Android/issues/6111;2.10;AnkiDroid/src/main/java/com/ichi2/libanki/Sound.java
https://github.com/ankidroid/Anki-Android/issues/6082;2.10;AnkiDroid/src/main/java/com/ichi2/libanki/sched/SchedV2.java,AnkiDroid/src/test/java/com/ichi2/anki/CardBrowserTest.java
https://github.com/ankidroid/Anki-Android/issues/6070;2.10;AnkiDroid/src/main/java/com/ichi2/anki/AnkiDroidApp.java,AnkiDroid/src/main/java/com/ichi2/utils/WebViewDebugging.java
https://github.com/ankidroid/Anki-Android/issues/5973;2.10;AnkiDroid/src/main/java/com/ichi2/anki/multimediacard/fields/BasicImageFieldController.java,AnkiDroid/src/main/java/com/ichi2/anki/servicelayer/NoteService.java
https://github.com/ankidroid/Anki-Android/issues/5903;2.10;AnkiDroid/src/main/java/com/ichi2/anki/multimediacard/fields/BasicAudioClipFieldController.java,AnkiDroid/src/main/java/com/ichi2/anki/multimediacard/fields/BasicAudioClipFieldController.java
https://github.com/ankidroid/Anki-Android/issues/5829;2.10;AnkiDroid/src/main/java/com/ichi2/libanki/Utils.java
https://github.com/ankidroid/Anki-Android/issues/5802;2.10;AnkiDroid/src/main/java/com/ichi2/anki/CardBrowser.java,AnkiDroid/src/main/java/com/ichi2/anki/dialogs/CardBrowserOrderDialog.java,AnkiDroid/src/main/java/com/ichi2/anki/AbstractFlashcardViewer.java
https://github.com/ankidroid/Anki-Android/issues/5780;2.10;AnkiDroid/src/main/java/com/ichi2/anki/AbstractFlashcardViewer.java
https://github.com/ankidroid/Anki-Android/issues/5683;2.10;AnkiDroid/src/main/java/com/ichi2/anki/AbstractFlashcardViewer.java,AnkiDroid/src/test/java/com/ichi2/anki/ReviewerKeyboardInputTest.java
https://github.com/ankidroid/Anki-Android/issues/2610;2.0;AnkiDroid/src/main/java/com/ichi2/anki/AbstractFlashcardViewer.java